gene_id,gene_short_name,cell_group,marker_score,mean_expression,fraction_expressing,specificity,pseudo_R2,marker_test_p_value,marker_test_q_value,gene_ID,unitpro,up_evalue,cel,cel_evalue,dmel,dmel_evalue,spur_acc,spur_evalue
LOC105340436,forkhead box protein E1,1,0.2529947337,13.40348026,0.9800893946,0.2581343448,0.2597971875,5.18E-193,1.98E-187,forkhead box protein E1,Q5J3Q5.1,1.05E-38,C47G2.2.1,5.29E-31,croc-PA,7.97E-30,XP_003727565.2,3.13E-33
LOC105322262,glutamine synthetase 2 cytoplasmic-like,1,0.2416129106,13.34550212,0.9934985778,0.2431940176,0.2173180794,1.12E-160,4.29E-155,glutamine synthetase 2 cytoplasmic-like,P20478.3,0,Y105C5B.28a.1,0,Gs2-PD,0,XP_030853466.1,0
LOC105336376,ras-related protein Rab-9A,1,0.1851155121,4.379501509,0.9057293783,0.2043828063,0.08239283628,8.14E-61,3.11E-55,ras-related protein Rab-9A,Q9R0M6.1,2.78E-98,W03C9.3.2,1.15E-63,Rab9-PA,3.15E-64,XP_030836470.1,3.02E-96
LOC105336839,mRNA decay activator protein ZFP36L1,1,0.1829895407,6.575223152,0.9276716782,0.1972567935,0.09788852372,4.44E-72,1.70E-66,mRNA decay activator protein ZFP36L1,Q805B4.1,3.03E-49,F38B7.1b.1,1.09E-29,Tis11-PD,2.95E-44,XP_782811.1,2.71E-49
LOC105348083,MAP kinase-interacting serine/threonine-protein kinase 1,1,0.182531671,12.2991153,0.9943112556,0.1835759878,0.160861731,2.20E-118,8.43E-113,MAP kinase-interacting serine/threonine-protein kinase 1,O08605.2,2.95E-152,R166.5b.1,5.32E-115,Lk6-PB,2.17E-126,XP_779905.1,8.94E-147
LOC105337948,transcriptional regulator Myc-A,1,0.1778757027,2.20930035,0.6050386022,0.2939906677,0.08468870226,1.76E-62,6.72E-57,transcriptional regulator Myc-A,Q17103.1,2.03E-40,T19B10.11.1,1.77E-07,Myc-PA,4.20E-10,NP_999744.1,7.33E-31
LOC117689304,insulin gene enhancer protein ISL-1-like,1,0.1742786885,2.504747661,0.5798455912,0.3005605133,0.07436144206,5.36E-55,2.05E-49,insulin gene enhancer protein ISL-1-like,P61371.1,1.60E-158,C04F1.3.1,1.37E-68,tup-PB,4.60E-136,XP_781774.3,7.21E-151
LOC105340121,porphobilinogen deaminase,1,0.1739098146,2.653193218,0.7895164567,0.220273831,0.08637613991,1.05E-63,4.00E-58,porphobilinogen deaminase,P08397.2,2.28E-128,F44B9.6.1,2,l(3)02640-PA,4.25E-94,XP_781025.2,2.29E-108
LOC105323995,uncharacterized LOC105323995,1,0.1703359267,1.389511592,0.5193010971,0.3280099497,0.1046200654,5.49E-77,2.10E-71,uncharacterized LOC105323995,P06495.1,0.007,E02A10.3c.1,0.000817,Duox-PC,0.005,XP_030845346.1,0.008
LOC105346975,rab11 family-interacting protein 4A,1,0.1686276715,7.314120854,0.967899228,0.1742202769,0.05561971891,1.82E-41,6.97E-36,rab11 family-interacting protein 4A,Q86YS3.1,1.38E-44,F55C12.1d.1,4.26E-18,nuf-PF,4.44E-19,XP_011678395.2,1.18E-34
LOC105340424,S-adenosylmethionine synthase,1,0.1661454779,5.651308365,0.9585534336,0.1733293858,0.0594164404,3.35E-44,1.28E-38,S-adenosylmethionine synthase,Q2KJC6.1,0,C06E7.3a.2,0,Sam-S-PE,0,NP_001116973.1,0
Hmgb1,high mobility group box 1,1,0.1644168836,7.272113841,0.9788703779,0.1679659405,0.05708422732,1.61E-42,6.14E-37,high mobility group box 1,O54879.3,4.24E-26,Y48B6A.14.2,1.21E-11,Dsp1-PE,2.00E-16,XP_030828041.1,1.13E-34
LOC105334018,uncharacterized LOC105334018,1,0.1629130545,14.49024539,0.9845591223,0.165468026,0.04872777075,1.67E-36,6.38E-31,uncharacterized LOC105334018,Q95168.1,0.15,F58G11.2c.1,3.6,fuss-PD,6.9,XP_030842526.1,0.52
LOC105335076,"ADP,ATP carrier protein",1,0.1620026297,5.971154977,0.9772450223,0.1657748323,0.05512538212,4.14E-41,1.58E-35,"ADP,ATP carrier protein",P27080.1,6.51E-141,K01H12.2.1,1.01E-93,sesB-PD,3.84E-84,XP_011665172.1,2.20E-93
LOC105321673,uncharacterized LOC105321673_ncRNA,1,0.1613817353,8.629826617,0.9825274279,0.1642516338,0.03824534864,5.72E-29,2.19E-23,uncharacterized LOC105321673_ncRNA,,,,,,,,
LOC105348494,40S ribosomal protein S12,1,0.1612100728,3.152341884,0.8264932954,0.195053092,0.04524168141,5.37E-34,2.05E-28,40S ribosomal protein S12,P84175.2,5.65E-73,F54E7.2.4,1.93E-52,RpS12-PB,2.78E-53,XP_795427.2,1.47E-75
LOC105347974,G2/mitotic-specific cyclin-B3,1,0.1609178872,6.562396475,0.9739943113,0.1652144016,0.06628167668,3.72E-49,1.42E-43,G2/mitotic-specific cyclin-B3,P39963.1,1.85E-105,T06E6.2a.2,2.67E-80,CycB3-PB,9.33E-100,XP_795905.2,7.36E-111
LOC105317248,XK-related protein 6-like,1,0.1594037102,1.992110252,0.7501015847,0.2125094967,0.0687026971,6.63E-51,2.53E-45,XK-related protein 6-like,Q49LS8.1,6.11E-27,F08F1.5.1,4.27E-09,CG32579-PC,0.001,XP_030839280.1,3.22E-36
LOC109617243,histone H2A.V,1,0.1582310426,85.56637993,1,0.1582310426,0.146358192,1.22E-107,4.67E-102,histone H2A.V,P02272.2,2.23E-84,R08C7.3.3,4.04E-73,His2Av-PB,1.07E-64,NP_001116980.1,4.50E-86
LOC105338802,uncharacterized LOC105338802,1,0.157725159,3.100657908,0.8086143844,0.1950560886,0.05714361645,1.46E-42,5.56E-37,uncharacterized LOC105338802,Q9N4M4.3,0.56,ZK973.6a.1,0.05,Rab11-PA,1,XP_030855127.1,0.003
LOC105329912,60S acidic ribosomal protein P1,1,0.1570924518,3.17915152,0.8451848842,0.1858675596,0.03400801237,6.31E-26,2.41E-20,60S acidic ribosomal protein P1,O01359.1,3.23E-34,Y37E3.7.3,8.24E-30,RpLP1-PB,2.42E-26,XP_793925.1,2.31E-25
LOC105329200,chordin-like protein 2,1,0.1570700622,1.700697204,0.6277935798,0.2501938014,0.08359159797,1.10E-61,4.20E-56,chordin-like protein 2,Q6WN34.1,1.06E-16,C16A3.8.1,0.001,cv-2-PA,1.90E-06,XP_011679947.2,9.04E-15
LOC105341870,glyoxylate reductase/hydroxypyruvate reductase,1,0.1570289138,1.566750113,0.6196668021,0.2534086275,0.06718307412,8.31E-50,3.17E-44,glyoxylate reductase/hydroxypyruvate reductase,Q9UBQ7.1,6.52E-48,C31C9.2.1,1.74E-07,CG1236-PA,1.38E-40,XP_030835698.1,5.42E-55
LOC105345176,uncharacterized LOC105345176,1,0.1565985348,5.181626411,0.8931328728,0.1753362121,0.04826592384,3.59E-36,1.37E-30,uncharacterized LOC105345176,Q1AGV6.1,0.15,F08F1.1b.1,2.9,CG42674-PF,1.5,XP_003726535.1,6.4
LOC105336480,60S ribosomal protein L10,1,0.1558628631,3.442612395,0.8724095896,0.1786578976,0.02966679268,8.26E-23,3.16E-17,60S ribosomal protein L10,O61231.1,7.69E-132,F10B5.1.2,2.81E-113,RpL10-PE,1.05E-132,XP_787854.1,9.36E-133
LOC105327445,sperm-specific protein PHI-2B/PHI-3,2,0.3344039065,39.02065211,0.9984544049,0.3349215596,0.566276404,0,0,sperm-specific protein PHI-2B/PHI-3,Q3HNG7.1,5.91E-12,C18G1.5.1,9.40E-09,,,XP_030839851.1,5.41E-08
LOC105335685,cell division cycle-associated protein 7,2,0.26599368,3.581496149,0.934054611,0.2847731566,0.3013344228,3.70E-207,1.41E-201,cell division cycle-associated protein 7,Q922M5.1,8.60E-58,T14B4.1.1,0.12,CG7461-PC,2.6,XP_030833692.1,3.07E-71
LOC105348851,uncharacterized LOC105348851,2,0.25461164,3.823869979,0.9170530654,0.2776411198,0.2814796605,4.60E-193,1.76E-187,uncharacterized LOC105348851,E7FDB3.1,8.32E-26,R03D7.7.1,4.48E-05,nos-PB,1.70E-17,XP_030841829.1,1.38E-24
LOC105335166,probable ATP-dependent RNA helicase DDX4,2,0.2507434117,2.385926792,0.8392581144,0.2987679326,0.2653255904,1.17E-181,4.46E-176,probable ATP-dependent RNA helicase DDX4,Q4R5S7.1,0,Y54E10A.9a.2,3.06E-147,vas-PC,4.06E-150,NP_001139665.1,0
LOC105349033,GATA zinc finger domain-containing protein 14,2,0.2501894475,3.668926414,0.9392065945,0.2663838275,0.2816746231,3.35E-193,1.28E-187,GATA zinc finger domain-containing protein 14,Q9H1Q7.1,1.64E-93,D2030.8.2,2.01E-33,,,XP_030841298.1,1.76E-90
LOC117682274,protein HEXIM-like,2,0.2418111318,3.63389617,0.9222050489,0.2622097245,0.2409131333,1.57E-164,6.00E-159,protein HEXIM-like,O94992.1,0.000246,Y39E4B.6a.1,0.061,hep-PE,2.9,XP_003729518.2,0.021
LOC105321026,ubiquitin-conjugating enzyme E2 S,2,0.2388578607,4.194242167,0.9392065945,0.2543187645,0.2336291309,1.91E-159,7.31E-154,ubiquitin-conjugating enzyme E2 S,C3Z724.1,8.82E-102,M7.1.1,1.36E-32,CG8188-PD,1.38E-90,XP_030839949.1,2.39E-99
LOC105325769,disks large-associated protein 5,2,0.2384588129,9.522426961,0.9840288511,0.2423290868,0.2536271407,1.95E-173,7.46E-168,disks large-associated protein 5,Q8K4R9.2,1.77E-38,W03A5.6b.1,8.81E-05,vlc-PB,1.11E-16,XP_030829847.1,7.18E-37
LOC105321334,sodium-dependent proline transporter,2,0.2360311999,4.282770002,0.942812983,0.2503478464,0.2150071679,1.72E-146,6.57E-141,sodium-dependent proline transporter,Q9Y345.3,0,T03F7.1.1,1.57E-142,GlyT-PB,5.47E-166,XP_799073.3,0
LOC105335618,uncharacterized LOC105335618,2,0.2358660863,2.233401752,0.8500772798,0.2774642869,0.2472480073,5.79E-169,2.21E-163,uncharacterized LOC105335618,O22184.2,0.19,CD4.2.1,0.088,Fem-1-PA,3,XP_011663284.2,8.17E-83
LOC105334992,phytanoyl-CoA hydroxylase-interacting protein-like,2,0.2331519346,2.032018656,0.7985574446,0.2919663904,0.2105984961,1.96E-143,7.47E-138,phytanoyl-CoA hydroxylase-interacting protein-like,Q96FC7.3,8.53E-26,T10H4.13.1,1.61E-37,CG44085-PH,6.8,XP_001180668.2,6.1
LOC105334934,metal-response element-binding transcription factor 2-like,2,0.2266224427,6.155486441,0.9835136528,0.2304212474,0.2864723698,1.34E-196,5.12E-191,metal-response element-binding transcription factor 2-like,Q5R7T9.1,1.24E-120,C28H8.9a.1,9.08E-05,Pcl-PB,2.12E-55,XP_030853565.1,5.66E-142
LOC105337739,histone RNA hairpin-binding protein,2,0.2260474781,5.730262002,0.9829984544,0.2299571043,0.2616538458,4.48E-179,1.71E-173,histone RNA hairpin-binding protein,P79943.1,6.11E-31,R06F6.1.1,1.71E-11,Slbp-PA,6.85E-27,NP_999831.1,2.68E-21
LOC105339901,catalase-like,2,0.2253739424,1.959061331,0.8062854199,0.2795212921,0.2056625164,5.11E-140,1.95E-134,catalase-like,P04040.3,0,Y54G11A.5.2,0,Cat-PA,0,XP_030843626.1,0
LOC105347106,late histone H2B.L4,2,0.2213384626,5.557190138,0.9696032973,0.2282773411,0.2264126238,2.04E-154,7.81E-149,late histone H2B.L4,P0C1H5.2,6.62E-67,H02I12.6.1,2.13E-61,His2B:CG33910-PA,2.46E-57,XP_781938.1,1.47E-66
LOC105334607,structural maintenance of chromosomes protein 5,2,0.2200426795,4.763541894,0.970633694,0.2267000217,0.2349174165,2.42E-160,9.23E-155,structural maintenance of chromosomes protein 5,Q8CG46.1,0,C27A2.1.1,5.12E-101,SMC5-PF,5.25E-77,XP_030832464.1,0
LOC117688658,uncharacterized LOC117688658,2,0.2170252825,2.788054042,0.8912931479,0.2434948401,0.2095167056,1.10E-142,4.20E-137,uncharacterized LOC117688658,P21054.1,0.73,F35G12.8.2,2,Ilp7-PA,3.3,XP_030828382.1,2.7
LOC105346676,mitotic apparatus protein p62,2,0.2163262679,3.010120986,0.85625966,0.2526409664,0.1659322814,1.08E-112,4.12E-107,mitotic apparatus protein p62,P91753.1,1.66E-18,C06G4.1.1,1.3,Nph-PB,3.68E-09,XP_030841325.1,3.72E-19
LOC105337235,G-protein-signaling modulator 2,2,0.2161338838,4.896747182,0.9304482226,0.2322900711,0.185313916,5.52E-126,2.11E-120,G-protein-signaling modulator 2,P81274.3,0,F32A6.4a.2,2.02E-91,pins-PA,0,XP_030852865.1,0
LOC105318721,cell division control protein 45 homolog,2,0.2153061404,1.297857079,0.6738794436,0.3195024607,0.1942755245,3.73E-132,1.43E-126,cell division control protein 45 homolog,O75419.1,0,F34D10.2.1,8.07E-56,Cdc45-PA,3.90E-140,XP_001180929.1,0
LOC105336299,ribonucleoside-diphosphate reductase small chain,2,0.2139485954,24.65562845,1,0.2139485954,0.4007499244,4.68E-279,1.79E-273,ribonucleoside-diphosphate reductase small chain,P07201.2,0,C03C10.3.1,2.46E-168,RnrS-PA,0,XP_780110.1,0
LOC105333961,uncharacterized LOC105333961,2,0.2133566881,4.038880489,0.9495105616,0.2247017534,0.2235491981,2.01E-152,7.67E-147,uncharacterized LOC105333961,Q5THK1.1,0.07,T10H9.2.1,1.1,l(1)G0196-PM,6.3,XP_030854787.1,1.4
LOC105324928,speckle-type POZ protein-like,2,0.2118252381,2.785033538,0.8990211231,0.2356176431,0.1812742313,3.30E-123,1.26E-117,speckle-type POZ protein-like,Q9VFP2.2,0,T16H12.5a.1,0,rdx-PF,0,XP_011671874.2,0
LOC105336380,protocadherin gamma-A7,2,0.2106236046,3.101306479,0.9098402885,0.2314951396,0.1946566834,2.04E-132,7.79E-127,protocadherin gamma-A7,Q6X862.1,2.62E-110,F15B9.7a.1,1.63E-53,ds-PB,1.28E-78,XP_787157.2,1.68E-89
LOC105348733,G2/mitotic-specific cyclin-A,2,0.2101067075,18.90858136,1,0.2101067075,0.3483431524,7.10E-241,2.71E-235,G2/mitotic-specific cyclin-A,P04962.1,1.11E-167,ZK507.6.1,2.90E-50,CycA-PA,2.13E-85,XP_030836024.1,8.60E-114
LOC105318939,ankyrin repeat and SOCS box protein 2,3,0.4456328475,3.875761772,0.956890921,0.4657091396,0.6143036057,0,0,ankyrin repeat and SOCS box protein 2,Q8NFD2.1,1.55E-07,Y71A12B.4.1,3.12E-06,Ank2-PX,1.47E-05,XP_030844191.1,5.90E-13
LOC105337374,Uncharacterized protein C2orf50,3,0.4450256499,5.549946345,0.9719137818,0.4578859342,0.6370985505,0,0,Uncharacterized protein C2orf50,Q96LR7.1,1.13E-15,F41A4.1.1,2.2,Vps13B-PA,4.7,XP_030830022.1,1.66E-20
LOC105339310,sperm flagellar protein 1,3,0.4343675586,2.219560322,0.9209666884,0.4716430725,0.5829850134,0,0,sperm flagellar protein 1,Q0IH24.1,1.40E-53,Y81G3A.3b.3,5.4,CG12395-PA,5.28E-13,XP_782895.3,1.76E-47
LOC105330238,uncharacterized LOC105330238,3,0.4315941847,5.022692728,0.9653821032,0.4470708368,0.6050743558,0,0,uncharacterized LOC105330238,Q0E908.1,5.72E-16,K02C4.4a.1,8.30E-15,Hil-PA,9.74E-17,XP_030849230.1,1.94E-05
LOC105319306,uncharacterized LOC105319306,3,0.4098898268,1.873512866,0.889614631,0.4607498713,0.5291935968,0,0,uncharacterized LOC105319306,A7MBE0.1,0.32,T02C5.5b.1,2.8,PRL-1-PD,6.4,XP_030829998.1,0.22
LOC105337196,EF-hand calcium-binding domain-containing protein 6,3,0.4084730598,3.44896966,0.9386022208,0.4351929398,0.5700984147,0,0,EF-hand calcium-binding domain-containing protein 6,Q5THR3.1,2.24E-25,C24H10.5.1,4.31E-06,CG11638-PA,4.11E-05,XP_030835414.1,0
LOC105326216,uncharacterized LOC105326216,3,0.406096227,8.417664518,0.9849771391,0.4122900024,0.6059013121,0,0,uncharacterized LOC105326216,O69061.1,1.4,F22E12.1.1,3.6,Tm1-PH,3.7,XP_030854019.1,3.7
LOC105319406,protein ATP6V1FNB,3,0.4048688489,4.526194272,0.9673416068,0.4185376149,0.5610032947,0,0,protein ATP6V1FNB,B9EJX3.1,3.36E-11,Y51A2D.9a.1,2,CG13581-PA,0.017,XP_030828363.1,3.03E-31
LOC105327518,serine/arginine repetitive matrix protein 2-like,3,0.4044419291,2.595782236,0.9248856956,0.4372885547,0.5346399055,0,0,serine/arginine repetitive matrix protein 2-like,Q8JZP9.1,1.65E-33,ZK1151.1n.1,6.44E-15,pigs-PC,4.26E-30,XP_030828172.1,4.25E-27
LOC105341820,probable inactive peptidyl-prolyl cis-trans isomerase-like 6,3,0.4018588039,3.028184766,0.9438275637,0.4257756601,0.5516265488,0,0,probable inactive peptidyl-prolyl cis-trans isomerase-like 6,Q8IXY8.1,3.71E-100,Y75B12B.5.1,4.52E-55,CG7768-PB,3.44E-48,XP_030850300.1,1.14E-116
LOC109619311,uncharacterized LOC109619311_ncRNA,3,0.399898986,32.76440101,0.9993468321,0.4001603579,0.7573257622,0,0,uncharacterized LOC109619311_ncRNA,,,,,,,,
LOC105317802,calmodulin-like protein 12,3,0.3982620306,4.604869439,0.9575440888,0.4159203062,0.547652226,0,0,calmodulin-like protein 12,P27164.2,9.09E-45,T21H3.3a.1,1.63E-43,Cam-PD,1.59E-43,XP_011675926.1,1.07E-44
LOC105337438,uncharacterized LOC105337438,3,0.3935643663,5.887089957,0.971260614,0.4052098486,0.5544812386,0,0,uncharacterized LOC105337438,Q3V2K1.1,4.01E-11,Y65B4BR.8.1,3.2,Mvl-PE,0.76,XP_001194759.2,2.46E-26
LOC105333803,splicing regulatory glutamine/lysine-rich protein 1-like,3,0.3930516016,4.978109397,0.9601567603,0.4093619062,0.5211180737,0,0,splicing regulatory glutamine/lysine-rich protein 1-like,A6UX46.1,5.1,F26A1.15.1,0.023,CG5255-PA,5.7,XP_030841309.1,1.8
LOC105343087,EF-hand domain-containing family member C2,3,0.3894722355,4.709010923,0.9790986283,0.3977865194,0.5914716538,0,0,EF-hand domain-containing family member C2,Q32TF8.2,0,Y49A10A.1.1,1.71E-22,Efhc1.2-PA,1.04E-146,XP_798540.1,0
LOC105348169,adenylate kinase 7,3,0.3882501063,3.31579336,0.961463096,0.4038117613,0.5600219193,0,0,adenylate kinase 7,Q96M32.3,0,ZK863.6.2,0.000169,Dpy-30L2-PB,7.19E-06,XP_030854537.1,0
LOC105331878,uncharacterized LOC105331878,3,0.3850030549,7.096677884,0.9908556499,0.3885561484,0.6476710906,0,0,uncharacterized LOC105331878,O50580.1,7.4,F10A3.3.1,0.25,CG42264-PB,8.6,XP_030839847.1,2.2
LOC105344947,uncharacterized LOC105344947,3,0.3830432067,3.184434193,0.9431743958,0.4061212947,0.5301812044,0,0,uncharacterized LOC105344947,P53850.1,3.8,F55F8.5.2,2.1,CG17122-PA,1.4,XP_030833309.1,6.3
LOC105343242,interaptin,3,0.381677097,4.656807321,0.9627694317,0.396436659,0.5420250179,0,0,interaptin,Q16787.2,2.71E-09,K08C7.3c.1,9.91E-06,Rok-PB,0.014,XP_030833023.1,4.48E-57
LOC105327956,protein C9orf135 homolog,3,0.3813451125,3.516667353,0.9608099282,0.3968996378,0.534764305,0,0,protein C9orf135 homolog,Q32L77.1,5.01E-43,,,CG4611-PA,1.4,XP_785964.3,1.04E-95
LOC105318289,centrosome and spindle pole-associated protein 1,3,0.3801252275,9.59318421,0.9928151535,0.3828761337,0.6607230066,0,0,centrosome and spindle pole-associated protein 1,B2RX88.2,0.007,F47D12.4c.2,1.5,CG15563-PA,0.000416,XP_001195971.3,5.07E-16
LOC105333512,Uncharacterized protein C2orf73-like protein,3,0.3791165291,1.709093495,0.9013716525,0.4205995696,0.4953312475,0.00E+00,0.00E+00,Uncharacterized protein C2orf73-like protein,A6QQL5.1,2.23E-09,F08G2.8.1,1.1,mgl-PE,9.3,XP_779971.3,2.04E-28
LOC105330097,phosphatidylcholine transfer protein,3,0.3787632999,10.34961332,0.9915088178,0.3820069909,0.6345246802,0,0,phosphatidylcholine transfer protein,P53809.2,2.32E-81,C06H2.2.1,6.23E-15,CG6565-PC,8.73E-20,XP_783897.2,2.82E-86
LOC105334733,calmodulin,3,0.3782495794,38.40950344,0.9993468321,0.3784968014,0.7284565793,0,0,calmodulin,Q95NR9.3,1.40E-102,T21H3.3a.1,1.42E-102,Cam-PD,7.47E-103,XP_003726932.1,8.41E-103
LOC105329120,uncharacterized LOC105329120,3,0.377179095,2.434362328,0.8817766166,0.427749033,0.4590147438,4.70E-294,1.80E-288,uncharacterized LOC105329120,Q8UEP4.1,1.3,Y34B4A.7.3,2.1,LpR1-PQ,6,XP_797235.3,1.30E-41
LOC105340519,uncharacterized LOC105340519,4,0.3398703588,9.959059423,0.7218430034,0.4708369509,0.1720917119,1.78E-96,6.81E-91,uncharacterized LOC105340519,B4F220.1,4,F52H3.7a.2,4.2,CG30069-PA,9,XP_003724227.3,1.4
LOC105333922,forkhead box protein L2,4,0.3384611751,4.721928237,0.7448805461,0.4543831583,0.2287560399,1.79E-128,6.85E-123,forkhead box protein L2,Q12951.3,2.25E-31,C25A1.2.2,1.41E-39,fd102C-PA,3.80E-36,XP_003725384.1,8.84E-47
LOC105339354,zinc finger protein ZIC 4,4,0.3350813737,2.642325206,0.7602389078,0.4407579911,0.3101029397,3.49E-175,1.33E-169,zinc finger protein ZIC 4,O73689.1,8.07E-121,C47C12.3b.1,6.32E-54,opa-PA,3.99E-95,XP_030837642.1,1.00E-114
LOC105333225,T-box brain protein 1,4,0.3337260818,2.551649371,0.7406143345,0.4506071059,0.2938248805,9.23E-166,3.53E-160,T-box brain protein 1,Q64336.2,1.91E-91,F21H11.3.2,6.33E-55,byn-PC,1.92E-60,XP_791266.2,1.23E-90
LOC105348692,four-jointed box protein 1,4,0.3224343099,3.451172383,0.8703071672,0.3704833444,0.3168148936,4.43E-179,1.69E-173,four-jointed box protein 1,P54360.2,6.80E-89,Y54G2A.17c.2,0.076,fj-PA,7.36E-89,XP_011662184.2,1.22E-82
LOC105335844,protein turtle homolog B,4,0.3186576402,2.793102914,0.8950511945,0.3560216914,0.3347869623,1.52E-189,5.81E-184,protein turtle homolog B,Q967D7.2,1.03E-116,SSSD1.1.1,3.46E-53,tutl-PE,8.47E-114,XP_030834556.1,1.68E-102
LOC105328717,fibroblast growth factor receptor-like 1,4,0.317648748,2.995611045,0.7883959044,0.4029051219,0.3068207547,2.79E-173,1.07E-167,fibroblast growth factor receptor-like 1,Q7T2H2.1,2.32E-110,Y102A11A.8.1,7.60E-37,sdk-PH,1.04E-20,NP_001165523.1,4.54E-101
LOC105331022,zinc finger protein 521,4,0.3028792634,0.8014311238,0.638225256,0.4745648352,0.2963244703,3.32E-167,1.27E-161,zinc finger protein 521,Q80TS5.2,0,C55B7.12a.1,2.77E-21,Oaz-PB,2.79E-72,XP_011678573.2,0
LOC117684631,uncharacterized LOC117684631_ncRNA,4,0.2916553358,10.61922164,0.9539249147,0.305742445,0.2035747529,3.36E-114,1.28E-108,uncharacterized LOC117684631_ncRNA,,,,,,,,
LOC105345251,frizzled-5,4,0.2809666057,3.775364693,0.9402730375,0.2988138493,0.3335433065,8.08E-189,3.09E-183,frizzled-5,Q8CHL0.1,0,F27E11.3.1,1.65E-142,fz2-PG,0,XP_003724546.2,0
LOC105325527,probable E3 ubiquitin-protein ligase XERICO,4,0.2775052968,3.113172618,0.7593856655,0.3654339415,0.2208291952,5.69E-124,2.18E-118,probable E3 ubiquitin-protein ligase XERICO,Q04781.1,3.41E-06,Y54E10A.11.2,0.000432,CG15814-PD,2.76E-05,XP_794833.2,5.74E-06
LOC117680460,lysM and putative peptidoglycan-binding domain-containing protein 2-like,4,0.2755513367,2.790711549,0.8600682594,0.3203831018,0.2878777517,2.50E-162,9.56E-157,lysM and putative peptidoglycan-binding domain-containing protein 2-like,Q8IV50.1,5.59E-17,B0041.3.1,1.38E-08,red-PE,6.02E-15,XP_030828012.1,1.42E-14
LOC105339352,zinc finger protein ZIC 4,4,0.2685492145,1.1159349,0.5162116041,0.520230875,0.2379301502,1.08E-133,4.11E-128,zinc finger protein ZIC 4,A0JC51.1,6.14E-136,C47C12.3a.2,6.55E-57,opa-PA,4.53E-100,XP_030837642.1,7.88E-129
LOC105335858,protein FAM43A,4,0.2613335416,5.349745808,0.9812286689,0.2663329659,0.3039963632,1.21E-171,4.62E-166,protein FAM43A,Q8N2R8.2,1.44E-40,F52D10.2.1,2.28E-58,CG8312-PD,2.26E-55,XP_030837302.1,1.14E-19
LOC105347565,nuclear distribution protein nudE homolog 1,4,0.261261089,2.977409177,0.8762798635,0.2981480003,0.2347837577,6.66E-132,2.55E-126,nuclear distribution protein nudE homolog 1,Q9CZA6.1,1.06E-100,R11A5.2.1,8.59E-11,nudE-PF,4.21E-31,XP_030847347.1,9.03E-103
LOC105345408,quinone reductase-like,4,0.2589781203,2.326013463,0.6322525597,0.4096118178,0.2020229538,2.53E-113,9.66E-108,quinone reductase-like,Q93T20.1,6.30E-16,W06D12.2.1,0.24,Gdn1-PA,5.4,XP_030830078.1,3.02E-51
LOC105345377,MDS1 and EVI1 complex locus protein EVI1-B,4,0.2579594691,1.37837124,0.6604095563,0.3906052943,0.2237477642,1.26E-125,4.80E-120,MDS1 and EVI1 complex locus protein EVI1-B,Q03112.3,1.04E-60,R53.3b.1,1.38E-29,ham-PD,4.54E-54,XP_003730421.2,1.28E-56
LOC105328829,contactin-5,4,0.2403771541,2.946555985,0.8984641638,0.2675422835,0.2383313944,6.35E-134,2.43E-128,contactin-5,Q9VN14.2,1.38E-139,Y54G2A.25a.1,2.09E-50,Cont-PA,1.39E-134,XP_030829353.1,3.37E-93
LOC105333393,amidophosphoribosyltransferase,4,0.2373512135,2.21826458,0.8540955631,0.2778977245,0.2165646401,1.49E-121,5.71E-116,amidophosphoribosyltransferase,Q06203.1,0,T04A8.5.1,7.71E-151,Prat2-PB,0,XP_780199.1,0
LOC105336032,uncharacterized LOC105336032,4,0.2359162643,4.253722428,0.8489761092,0.2778832781,0.1397362173,2.15E-78,8.23E-73,uncharacterized LOC105336032,Q9LDN1.1,1.7,C16A11.3a.1,1,axed-PE,2,XP_030846264.1,5.7
LOC105338877,insulin-like growth factor-binding protein complex acid labile subunit,4,0.2350172524,1.386307083,0.773890785,0.3036827121,0.2314623575,5.18E-130,1.98E-124,insulin-like growth factor-binding protein complex acid labile subunit,P70193.2,6.73E-19,C44H4.2.1,6.63E-16,CG14762-PB,5.44E-17,XP_003730726.2,3.00E-16
LOC105333766,angiomotin,4,0.2330010251,2.047153459,0.8694539249,0.2679854774,0.2490151689,5.09E-140,1.95E-134,angiomotin,Q4VCS5.1,1.05E-65,F59C12.3.1,6.31E-14,CG3009-PB,9.2,XP_030837873.1,9.22E-47
LOC105337382,radical S-adenosyl methionine domain-containing protein 2,4,0.2305455898,1.565041899,0.7235494881,0.3186314048,0.188823237,7.04E-106,2.69E-100,radical S-adenosyl methionine domain-containing protein 2,Q5RH95.1,8.42E-162,F49E2.1a.1,5.34E-06,ADD1-PA,0.18,XP_030854223.1,1.00E-05
LOC105340092,teratocarcinoma-derived growth factor 1,4,0.2290070734,6.384547904,0.9138225256,0.2506034454,0.1457345941,9.79E-82,3.74E-76,teratocarcinoma-derived growth factor 1,P51865.1,1.01E-18,ZC116.3.1,0.00066,slow-PB,0.001,XP_787941.2,3.29E-18
LOC105347368,zinc finger protein 37 homolog,4,0.228700703,3.523496693,0.9411262799,0.2430074559,0.2205187199,8.54E-124,3.26E-118,zinc finger protein 37 homolog,P08043.2,5.85E-34,Y55F3AM.14.2,4.58E-25,crol-PB,3.35E-29,NP_999781.1,1.11E-31
LOC105341878,uncharacterized LOC105341878,5,0.2800330404,3.041939274,0.5762114537,0.4859900625,0.1917353388,4.20E-106,1.60E-100,uncharacterized LOC105341878,Q29013.1,0.82,C35A11.3b.1,0.39,Gr10a-PB,3.1,XP_030829338.1,0.019
LOC109619047,uncharacterized LOC109619047,5,0.2727767678,21.541864,0.8898678414,0.3065362687,0.1073688193,1.17E-59,4.49E-54,uncharacterized LOC109619047,Q5RJ80.1,1.6,R05G6.10c.1,0.67,Nepl3-PA,3.6,XP_030855807.1,5.4
LOC105325948,transient receptor potential cation channel subfamily M member-like 2,5,0.2545792489,3.959153011,0.5524229075,0.4608412242,0.1632887982,2.41E-90,9.20E-85,transient receptor potential cation channel subfamily M member-like 2,A7T1N0.1,1.02E-97,ZK512.3.1,1.34E-59,Trpm-PJ,5.40E-34,XP_030829334.1,8.19E-84
LOC105342396,girdin,5,0.2419939126,4.602477789,0.6088105727,0.3974863832,0.1009330609,3.79E-56,1.45E-50,girdin,Q3V6T2.2,0,Y51A2D.15a.1,3.67E-19,Girdin-PA,1.80E-68,XP_030854659.1,0
LOC117684131,large subunit ribosomal RNA_rRNA,5,0.2016047533,176.9042504,1,0.2016047533,0.2980506478,6.04E-166,2.31E-160,large subunit ribosomal RNA_rRNA,,,,,,,,
LOC105335256,laminin subunit alpha,5,0.1873956639,3.233333709,0.6810572687,0.2751540472,0.07880767294,4.05E-44,1.55E-38,laminin subunit alpha,Q00174.2,0,K08C7.3d.1,0,LanA-PA,0,XP_030838020.1,0
LOC105331446,helicase domino,5,0.1857251697,6.040305372,0.8202643172,0.2264211252,0.03040951116,6.15E-18,2.35E-12,helicase domino,Q8CHI8.3,0,Y111B2A.22a.1,0,dom-PE,0,XP_030847903.1,0
LOC117684133,small subunit ribosomal RNA_rRNA,5,0.1842076683,284.2716287,1,0.1842076683,0.2382239883,4.39E-132,1.68E-126,small subunit ribosomal RNA_rRNA,,,,,,,,
LOC105329107,pregnancy zone protein,5,0.1801272211,1.769602766,0.4643171806,0.3879400303,0.09952006758,2.23E-55,8.52E-50,pregnancy zone protein,P20742.4,1.75E-180,ZK337.1c.2,3.08E-113,Tep2-PB,1.10E-110,XP_030832878.1,0
LOC105340061,somatomedin-B and thrombospondin type-1 domain-containing protein,5,0.1764022854,4.643719116,0.7832599119,0.2252155162,0.04644515715,1.33E-26,5.08E-21,somatomedin-B and thrombospondin type-1 domain-containing protein,Q8IVN8.2,4.73E-35,R17.3c.1,2.06E-25,CG42339-PB,1.12E-29,XP_030848395.1,3.32E-26
LOC105338296,uncharacterized LOC105338296,5,0.1756876663,2.215848926,0.5286343612,0.332342502,0.0748877944,5.41E-42,2.07E-36,uncharacterized LOC105338296,A8F8P5.1,0.61,C12D8.11.2,1.3,CG17597-PB,8.3,,
CYTB,CYTB,5,0.1728317724,75.33743183,1,0.1728317724,0.04001021974,3.99E-23,1.52E-17,CYTB,,,,,,,,
LOC105317899,roundabout homolog 1,5,0.1716860469,1.938167942,0.4185022026,0.4102392911,0.08634370875,3.28E-48,1.25E-42,roundabout homolog 1,Q9HCK4.2,4.01E-151,F15G9.4d.1,3.91E-32,robo1-PC,6.41E-133,XP_030833475.1,4.50E-92
ND4L,ND4L,5,0.167391206,12.82857808,0.954185022,0.1754284569,0.00925854454,1.98E-06,0.7551906147,ND4L,,,,,,,,
ND6,ND6,5,0.1673218529,26.13538111,0.9973568282,0.1677652854,0.01742434649,6.69E-11,2.56E-05,ND6,,,,,,,,
LOC105336481,voltage-dependent T-type calcium channel subunit alpha-1H,5,0.1669936654,5.017636942,0.79030837,0.2113019066,0.05711485768,2.27E-32,8.69E-27,voltage-dependent T-type calcium channel subunit alpha-1H,O88427.3,0,C54D2.5e.3,0,Ca-alpha1T-PF,0,XP_030839906.1,0
COX1,COX1,5,0.1663628031,41.88890481,0.9991189427,0.1665095075,0.02046848758,1.48E-12,5.67E-07,COX1,,,,,,,,
COX3,COX3,5,0.1633994984,12.1210774,0.9612334802,0.1699893957,0.008867824813,3.25E-06,1,COX3,,,,,,,,
COX2,COX2,5,0.1629657706,74.11767116,1,0.1629657706,0.0233653825,3.99E-14,1.52E-08,COX2,,,,,,,,
LOC105325024,nephrin,5,0.1610739831,1.782020452,0.4255506608,0.378507186,0.07405593701,1.53E-41,5.84E-36,nephrin,O60500.1,3.67E-134,C26G2.1a.1,2.35E-98,sns-PA,0,XP_030833988.1,2.08E-179
LOC105334050,uncharacterized LOC105334050,5,0.1609079332,2.739866775,0.6572687225,0.2448130083,0.07436449022,1.04E-41,3.97E-36,uncharacterized LOC105334050,Q7Z3H4.1,9.28E-09,F56C9.8.1,0.23,Samuel-PB,4.65E-10,XP_003730022.2,5.23E-11
LOC105336169,A-kinase anchor protein 9,5,0.1577371339,3.144026942,0.6845814978,0.2304139601,0.03697426147,1.74E-21,6.65E-16,A-kinase anchor protein 9,Q70FJ1.2,1.23E-41,F52E10.5.1,0.16,Plp-PH,0.000193,XP_030846593.1,2.53E-112
LOC105334018,uncharacterized LOC105334018,5,0.1550837134,13.91658453,0.9665198238,0.1604558019,0.01646466107,2.23E-10,8.51E-05,uncharacterized LOC105334018,Q95168.1,0.15,F58G11.2c.1,3.6,fuss-PD,6.9,XP_030842526.1,0.52
LOC105325327,dual oxidase 2,5,0.1534273027,1.649936792,0.3550660793,0.4321091528,0.08697430175,1.49E-48,5.69E-43,dual oxidase 2,Q8HZK2.2,0,F56C11.1.1,0,Duox-PC,0,XP_030832128.1,0
ND5,ND5,5,0.1518552396,8.371784204,0.9295154185,0.1633703288,0.001987725151,0.02761628903,1,ND5,,,,,,,,
LOC117684131,large subunit ribosomal RNA_rRNA,6,0.2884625986,284.1467629,1,0.2884625986,0.7736122773,0,0,large subunit ribosomal RNA_rRNA,,,,,,,,
LOC117684133,small subunit ribosomal RNA_rRNA,6,0.2360868001,394.6320525,1,0.2360868001,0.688758543,0,0,small subunit ribosomal RNA_rRNA,,,,,,,,
LOC105322187,uncharacterized LOC105322187,6,0.1937474966,2.451545638,0.7010406812,0.2763712603,0.1489219039,5.04E-80,1.93E-74,uncharacterized LOC105322187,Q24SP0.1,7.1,W01A8.8a.1,2.84E-08,CG33723-PA,0.67,XP_030854866.1,4.8
LOC105343071,tubulin beta chain,6,0.1896398944,23.6507962,1,0.1896398944,0.3374929173,7.41E-183,2.83E-177,tubulin beta chain,P11833.1,0,B0272.1.1,0,betaTub56D-PB,0,XP_003727239.1,0
LOC105334733,calmodulin,6,0.1844504371,14.94897955,0.9981078524,0.1848001062,0.2795655054,8.72E-151,3.33E-145,calmodulin,Q95NR9.3,1.40E-102,T21H3.3a.1,1.42E-102,Cam-PD,7.47E-103,XP_003726932.1,8.41E-103
LOC105344153,enkurin,6,0.1744856451,4.904055667,0.8930936613,0.1953721683,0.1213808655,2.29E-65,8.75E-60,enkurin,Q6SP97.1,6.01E-81,C24H11.6.1,1.9,CG16984-PA,8.43E-19,XP_784094.1,4.65E-108
LOC105329348,tubulin alpha-1A chain,6,0.1733914387,12.82378354,0.995269631,0.1742155425,0.1976728612,3.48E-106,1.33E-100,tubulin alpha-1A chain,A5A6J1.1,0,C44B11.3.1,0,alphaTub84B-PA,0,XP_795276.3,0
LOC109619311,uncharacterized LOC109619311_ncRNA,6,0.1720627554,10.88957618,0.9943235572,0.1730450356,0.2495648401,2.39E-134,9.13E-129,uncharacterized LOC109619311_ncRNA,,,,,,,,
LOC105322262,glutamine synthetase 2 cytoplasmic-like,6,0.1697843674,8.524282295,0.9801324503,0.1732259425,0.09043593255,5.39E-49,2.06E-43,glutamine synthetase 2 cytoplasmic-like,P20478.3,0,Y105C5B.28a.1,0,Gs2-PD,0,XP_030853466.1,0
LOC105323463,"dynein light chain 2, cytoplasmic",6,0.1630230002,24.56627729,1,0.1630230002,0.1902340139,3.56E-102,1.36E-96,"dynein light chain 2, cytoplasmic",Q3MHR3.1,2.19E-61,T26A5.9.3,4.47E-61,ctp-PE,9.57E-62,XP_030847190.1,8.98E-62
LOC105333630,"33 kDa inner dynein arm light chain, axonemal",6,0.1624116857,4.441937348,0.871333964,0.1863943016,0.08850911867,5.60E-48,2.14E-42,"33 kDa inner dynein arm light chain, axonemal",Q26630.1,2.90E-159,F41G4.1.1,7.43E-52,Dnali1-PA,3.37E-84,NP_999680.1,4.23E-160
LOC105336376,ras-related protein Rab-9A,6,0.1608984252,3.914127698,0.8571428571,0.1877148294,0.04165436961,2.35E-23,8.99E-18,ras-related protein Rab-9A,Q9R0M6.1,2.78E-98,W03C9.3.2,1.15E-63,Rab9-PA,3.15E-64,XP_030836470.1,3.02E-96
LOC105318758,dynein light chain Tctex-type 1,6,0.1607863706,5.274618608,0.9072847682,0.1772170946,0.07753923608,3.37E-42,1.29E-36,dynein light chain Tctex-type 1,Q9Z336.1,2.48E-70,F13G3.4.1,3.52E-22,Dlc90F-PA,4.47E-57,XP_030850562.1,4.27E-75
LOC105345817,heat shock factor-binding protein 1-like,6,0.1582887494,7.540600094,0.9735099338,0.1625959262,0.06121070811,1.29E-33,4.94E-28,heat shock factor-binding protein 1-like,Q3ZC22.1,1.80E-28,K08E7.2.4,1.30E-17,CG5446-PC,2.04E-28,XP_030831546.1,5.00E-28
LOC105339683,caveolin-1,6,0.1558255315,22.47072671,0.9990539262,0.1559730936,0.2693771464,3.43E-145,1.31E-139,caveolin-1,Q2QL79.1,1.77E-30,T13F2.8a.1,9.76E-19,CG17119-PC,2.4,XP_782608.1,2.50E-19
LOC105336681,geminin,6,0.1554354063,13.60951442,0.9962157048,0.1560258542,0.05808554277,5.65E-32,2.16E-26,geminin,O75496.1,8.81E-16,F17C11.3.1,9.2,geminin-PB,7.22E-08,XP_011682551.1,9.27E-16
LOC105348488,calcyphosin-like protein,6,0.1542017528,6.437126413,0.9517502365,0.1620191379,0.08892018339,3.40E-48,1.30E-42,calcyphosin-like protein,Q6P8Y1.4,2.37E-94,T07G12.1b.1,4.88E-10,CG31345-PA,6.35E-73,XP_030852317.1,4.06E-91
LOC105325532,caveolin-1,6,0.1541251798,36.1402703,1,0.1541251798,0.2537701207,1.20E-136,4.61E-131,caveolin-1,Q2QL79.1,2.78E-31,T13F2.8a.1,4.79E-19,CG17119-PC,2.5,XP_782608.1,1.08E-20
LOC105334650,parkin coregulated gene protein homolog,6,0.1537557919,5.331898421,0.9224219489,0.1666870483,0.08565130353,1.80E-46,6.87E-41,parkin coregulated gene protein homolog,Q9DAK2.1,4.01E-136,E04F6.2.1,1.29E-22,CG15120-PA,1.62E-82,XP_791188.1,8.33E-132
LOC105334565,polyubiquitin-C,6,0.1529991722,35.77694511,1,0.1529991722,0.140917786,9.35E-76,3.58E-70,polyubiquitin-C,Q63429.1,0,F25B5.4a.2,0,Ubi-p63E-PD,0,XP_030833096.1,0
LOC105343056,soma ferritin-like,6,0.1521328334,6.621165437,0.9470198675,0.1606437611,0.02017982755,4.46E-12,1.70E-06,soma ferritin-like,P42577.2,2.18E-104,D1037.3.2,3.37E-73,Fer3HCH-PA,1.41E-51,XP_030844960.1,5.65E-82
LOC105330097,phosphatidylcholine transfer protein,6,0.1517035102,3.810048221,0.848628193,0.1787632222,0.1039022119,4.16E-56,1.59E-50,phosphatidylcholine transfer protein,P53809.2,2.32E-81,C06H2.2.1,6.23E-15,CG6565-PC,8.73E-20,XP_783897.2,2.82E-86
LOC105338425,histone H3.3A,6,0.1509706965,31.30457715,1,0.1509706965,0.1104512931,1.42E-59,5.44E-54,histone H3.3A,C0HL66.1,2.02E-95,F45E1.6.1,6.28E-96,His3.3B-PE,2.61E-96,XP_791401.1,1.56E-95
LOC105344150,cytochrome c,6,0.1456861715,31.78706025,1,0.1456861715,0.0666623077,1.77E-36,6.76E-31,cytochrome c,Q6QLW4.1,3.91E-65,E04A4.7.3,2.57E-46,Cyt-c-p-PB,1.14E-64,XP_011672348.2,1.99E-49
LOC109617243,histone H2A.V,6,0.1447632498,76.15703827,1,0.1447632498,0.09409202251,6.35E-51,2.43E-45,histone H2A.V,P02272.2,2.23E-84,R08C7.3.3,4.04E-73,His2Av-PB,1.07E-64,NP_001116980.1,4.50E-86
LOC105338027,forkhead box protein B1,7,0.4471397042,6.525162697,0.746835443,0.5987124852,0.3889250466,1.52E-155,5.82E-150,forkhead box protein B1,Q64732.2,8.02E-53,F38A6.1b.1,9.33E-48,fkh-PD,4.64E-47,XP_003727565.2,6.06E-80
LOC105343715,sal-like protein 1,7,0.4269757004,4.963129755,0.8607594937,0.496045299,0.4123090825,4.12E-165,1.58E-159,sal-like protein 1,Q9BXA9.2,1.44E-94,F15C11.1.1,2.07E-32,salr-PC,1.73E-46,XP_030832052.1,3.23E-108
LOC105321127,transcription factor AP-2-alpha-like,7,0.3940587102,5.799091181,0.972875226,0.4050454772,0.5708736159,4.78E-231,1.83E-225,transcription factor AP-2-alpha-like,P58197.1,9.13E-98,K06A1.1.1,4.22E-61,TfAP-2-PF,9.75E-84,XP_030839379.1,1.33E-100
LOC117692972,sal-like protein 1,7,0.3676374994,2.484559917,0.7938517179,0.4631060072,0.3974989627,4.78E-159,1.83E-153,sal-like protein 1,Q9ER74.1,2.30E-08,T03F6.2.1,4.1,CG42458-PA,0.35,XP_030832052.1,0.000196
LOC105340555,serine/threonine-protein kinase PLK1,7,0.3500809658,1.130240416,0.6473779385,0.5407675254,0.3200732866,1.34E-127,5.11E-122,serine/threonine-protein kinase PLK1,Q9NYY3.3,1.08E-175,Y71F9B.7.1,3.48E-150,polo-PB,2.04E-104,XP_030851417.1,0
LOC109617606,uncharacterized LOC109617606_ncRNA,7,0.3125618867,2.315843066,0.7341772152,0.4257308457,0.2797620298,2.15E-111,8.24E-106,uncharacterized LOC109617606_ncRNA,,,,,,,,
LOC105329756,D-glucuronyl C5-epimerase B,7,0.3111155594,4.402287766,0.7414104882,0.419626596,0.2323403235,1.82E-92,6.95E-87,D-glucuronyl C5-epimerase B,O18756.2,3.55E-175,B0285.5.1,9.06E-99,Hsepi-PA,2.22E-143,XP_030843491.1,8.40E-127
LOC105317168,probable transporter mch1,7,0.2982217244,3.021213452,0.8119349005,0.3672975803,0.2489842465,4.31E-99,1.65E-93,probable transporter mch1,Q9P3K8.1,4.30E-14,ZK418.2a.1,4.1,CG15449-PA,8.8,XP_030855307.1,0.000364
LOC105348069,transcription factor Sox-2,7,0.289947602,21.45472553,0.9981916817,0.2904728694,0.4985069832,1.01E-200,3.87E-195,transcription factor Sox-2,P48430.1,4.49E-79,K08A8.2a.3,2.43E-52,Sox21a-PA,1.08E-46,NP_999639.1,2.59E-59
LOC105340171,uncharacterized LOC105340171,7,0.2770236224,2.876587164,0.7830018083,0.3537969126,0.2543013592,3.26E-101,1.25E-95,uncharacterized LOC105340171,P56383.2,0.18,Y105E8B.5.1,7,,,XP_030840718.1,5.3
LOC117688849,uncharacterized LOC117688849,7,0.2760964586,6.079285978,0.9059674503,0.3047531769,0.2344534502,2.63E-93,1.00E-87,uncharacterized LOC117688849,Q8NB66.3,0.000111,C53B4.2.1,7,lost-PA,1.7,XP_030855414.1,1.17E-06
LOC105331666,uncharacterized LOC105331666_ncRNA,7,0.2669651914,5.308378652,0.4629294756,0.5766865268,0.1140143589,7.36E-46,2.81E-40,uncharacterized LOC105331666_ncRNA,,,,,,,,
LOC105336233,T-box transcription factor TBX2-A,7,0.2585929314,3.380809636,0.4394213382,0.5884851484,0.1715544529,2.03E-68,7.76E-63,T-box transcription factor TBX2-A,Q13207.3,1.07E-131,F21H11.3.2,1.64E-107,bi-PE,9.89E-121,XP_011678443.1,6.36E-124
LOC105332802,uncharacterized LOC105332802_ncRNA,7,0.2494259551,13.63619738,0.9620253165,0.2592717165,0.1721382751,1.20E-68,4.57E-63,uncharacterized LOC105332802_ncRNA,,,,,,,,
LOC105342896,ras and EF-hand domain-containing protein homolog,7,0.246768226,3.268537783,0.9204339964,0.2680998605,0.2482200908,8.68E-99,3.32E-93,ras and EF-hand domain-containing protein homolog,Q08CX1.1,6.12E-111,C33D12.6.1,1.18E-59,Rab1-PA,5.45E-40,XP_030848909.1,1.17E-147
LOC105325867,potassium voltage-gated channel subfamily C member 3,7,0.2447850536,2.215634238,0.486437613,0.5032198315,0.1787011437,3.11E-71,1.19E-65,potassium voltage-gated channel subfamily C member 3,P17972.1,1.25E-90,R07A4.1.1,3.51E-88,Shaw-PD,4.86E-84,XP_030856314.1,2.84E-61
LOC105322544,ADP-ribosylation factor-like protein 4C,7,0.2385391772,3.029742292,0.8734177215,0.2731100725,0.2093619898,2.39E-83,9.12E-78,ADP-ribosylation factor-like protein 4C,P56559.1,4.88E-65,B0336.2.3,1.26E-41,Arl4-PA,8.89E-54,XP_030834661.1,4.41E-54
LOC117690884,serine-enriched protein-like,7,0.2326700042,3.934008195,0.4159132007,0.5594196188,0.1187441865,1.05E-47,4.00E-42,serine-enriched protein-like,O61366.3,5.57E-18,ZK858.4b.1,7.74E-06,gprs-PF,4.21E-20,XP_003725284.1,1.00E-17
LOC105327365,forkhead box protein N4,7,0.2306059883,5.420647385,0.9873417722,0.2335624753,0.278092781,1.01E-110,3.84E-105,forkhead box protein N4,A2BGM5.1,1.04E-57,C25A1.2.2,3.20E-18,jumu-PA,1.43E-51,XP_789327.2,3.75E-53
LOC105338251,homeobox protein Dlx6a,7,0.2300900688,2.040017289,0.7902350814,0.2911666088,0.2141096404,3.14E-85,1.20E-79,homeobox protein Dlx6a,P20009.3,1.15E-49,C28A5.4a.1,2.76E-28,Dll-PB,4.16E-35,NP_001123282.1,1.15E-37
LOC105329554,poly [ADP-ribose] polymerase tankyrase-1,7,0.2288302676,5.755141716,0.9783001808,0.2339059852,0.230607984,8.88E-92,3.39E-86,poly [ADP-ribose] polymerase tankyrase-1,O95271.2,0,B0350.2e.2,1.28E-77,Tnks-PB,0,XP_789260.4,0
LOC105346912,GATA zinc finger domain-containing protein 14,7,0.2274088154,4.57487449,0.8987341772,0.2530323439,0.1588612101,2.00E-63,7.63E-58,GATA zinc finger domain-containing protein 14,,,Y71G12B.16.1,5.2,futsch-PF,6.3,XP_030830688.1,1.2
LOC105339650,golgin subfamily A member 6-like protein 22,7,0.2235163258,19.11158764,0.972875226,0.2297481936,0.1501401977,5.31E-60,2.03E-54,golgin subfamily A member 6-like protein 22,P19137.2,0.000186,K08C7.3c.1,0.000729,CG11498-PB,0.072,XP_030842024.1,5.00E-04
LOC105325641,uncharacterized LOC105325641,7,0.2215860293,3.984963113,0.9240506329,0.2397985796,0.1733652236,3.93E-69,1.50E-63,uncharacterized LOC105325641,P17801.2,1.8,C33H5.18a.2,9,CG8858-PA,1.8,XP_030839949.1,6
LOC105321449,metalloprotease mig-17-like,7,0.220422385,2.679352142,0.7992766727,0.2757773278,0.2017334537,2.50E-80,9.54E-75,metalloprotease mig-17-like,Q20930.3,1.57E-31,F57B7.4.1,1.38E-32,stl-PE,6.39E-16,XP_011676907.2,4.09E-16
LOC117692552,vicilin-like seed storage protein At2g18540,8,0.3712705135,5.381227286,0.8287671233,0.4479792973,0.3525893025,2.88E-99,1.10E-93,vicilin-like seed storage protein At2g18540,Q3V0F0.2,0.000476,K03A11.3.1,3,,,XP_030841847.1,2.73E-07
LOC117681344,uncharacterized LOC117681344,8,0.3556618962,12.82309848,0.8082191781,0.4400562444,0.2330426957,8.80E-66,3.36E-60,uncharacterized LOC117681344,Q5JXM2.1,2.10E-11,Y40H7A.2a.1,4.85E-11,mbf1-PC,0.001,XP_780651.4,1.6
LOC105340116,sodium/calcium exchanger 2,8,0.3529339879,3.106709049,0.7020547945,0.5027157291,0.3090900672,4.97E-87,1.90E-81,sodium/calcium exchanger 2,P48766.1,1.45E-138,C10G8.5b.1,1.45E-70,Calx-PC,1.20E-115,XP_030832703.1,0
LOC105344648,elongation of very long chain fatty acids protein 4,8,0.3510676015,18.78874667,0.9554794521,0.3674255901,0.2678452577,1.75E-75,6.68E-70,elongation of very long chain fatty acids protein 4,Q3S8M4.1,1.05E-111,F56H11.3.1,1.14E-18,CG31522-PF,9.37E-68,XP_030845097.1,2.18E-106
LOC105341304,fibrocystin-L-like,8,0.342202938,3.518211599,0.7260273973,0.4713361221,0.3012587129,7.82E-85,2.99E-79,fibrocystin-L-like,Q86WI1.2,0,C39E9.2.1,2.44E-22,CG8483-PA,7.15E-13,XP_030842165.1,0
LOC105322566,transmembrane channel-like protein 7,8,0.3353570728,4.078658166,0.8082191781,0.4149333273,0.3053662569,5.51E-86,2.11E-80,transmembrane channel-like protein 7,Q5YCC5.1,1.88E-132,B0416.1a.1,3.68E-28,Tmc-PD,1.90E-22,XP_030839881.1,1.22E-159
LOC105333652,SUN domain-containing protein 2,8,0.332250788,10.29026704,0.8184931507,0.4059298331,0.1917684867,2.53E-54,9.68E-49,SUN domain-containing protein 2,Q8NBJ4.1,4.54E-08,F47A4.5.1,0.04,CG9743-PA,0.7,XP_030833179.1,1.09E-10
LOC105325414,uncharacterized LOC105325414,8,0.3319901958,3.876221674,0.6952054795,0.4775425477,0.2654511481,8.15E-75,3.12E-69,uncharacterized LOC105325414,Q80YA8.3,8.29E-10,Y64G10A.7d.1,0.00033,Ser-PB,8.18E-07,XP_030854391.1,6.27E-10
LOC105340983,cholesterol 7-desaturase,8,0.3318166257,8.068983769,0.7808219178,0.4249581346,0.220553818,2.61E-62,9.98E-57,cholesterol 7-desaturase,F7J184.1,1.48E-163,C12D8.5.1,2.55E-108,nvd-PA,2.32E-101,XP_011675548.2,1.33E-132
LOC105321214,CD63 antigen,8,0.3135875708,10.76635884,0.8356164384,0.375276929,0.1984552996,3.55E-56,1.36E-50,CD63 antigen,Q3ZBH3.1,4.32E-10,C14A11.1.1,2.27E-08,Tsp96F-PC,4.58E-06,XP_030844647.1,7.78E-16
LOC105337377,probable protein S-acyltransferase 14,8,0.3078145879,11.27094389,0.8321917808,0.3698841961,0.1821085548,1.20E-51,4.58E-46,probable protein S-acyltransferase 14,Q2TGI8.1,5.15E-20,K02G10.1.1,2.56E-22,CG13029-PC,4.96E-22,XP_003726777.1,3.88E-35
LOC105327389,cell surface hyaluronidase,8,0.3021086103,3.404928852,0.595890411,0.5069868632,0.2273100725,3.46E-64,1.32E-58,cell surface hyaluronidase,Q5FWI3.1,2.39E-106,T07C4.1.2,1.2,Trl-PH,0.33,XP_030842248.1,6.53E-39
LOC105343388,doublecortin domain-containing protein 2,8,0.2960818293,5.063701618,0.7945205479,0.3726547162,0.2446619402,5.12E-69,1.96E-63,doublecortin domain-containing protein 2,D3ZR10.1,1.04E-28,C32E8.10a.1,5.95E-08,igl-PC,0.000114,XP_030843589.1,5.46E-16
LOC105321187,sodium channel protein 1 brain,8,0.2886964718,7.754368282,0.8869863014,0.3254801921,0.2360609929,1.27E-66,4.86E-61,sodium channel protein 1 brain,P15390.1,0,C54D2.5a.3,7.08E-134,NaCP60E-PJ,0,XP_030833315.1,0
LOC117689486,uncharacterized LOC117689486,8,0.2775663458,5.039737195,0.6917808219,0.4012345196,0.1764072787,4.53E-50,1.73E-44,uncharacterized LOC117689486,Q9V410.1,9.96E-05,F53E4.1a.2,4.17E-05,Megf8-PC,3.62E-06,XP_030834386.1,6.29E-07
LOC105327218,"inositol 1,4,5-trisphosphate receptor type 3",8,0.2680311538,2.767213503,0.5924657534,0.4523994041,0.1801816112,4.09E-51,1.56E-45,"inositol 1,4,5-trisphosphate receptor type 3",P70227.3,8.66E-67,F33D4.2e.1,6.30E-40,Itpr-PC,3.51E-34,XP_030828258.1,6.97E-49
LOC105348209,uncharacterized LOC105348209,8,0.2672079532,2.420821806,0.5924657534,0.4510099558,0.2000720514,1.26E-56,4.83E-51,uncharacterized LOC105348209,Q9JLT0.1,3.51E-37,F20G4.3.1,1.28E-33,uif-PG,1.75E-06,XP_030834372.1,0
LOC105335335,hemicentin-1,8,0.2633022352,2.909052104,0.7020547945,0.375045135,0.2068548012,1.66E-58,6.35E-53,hemicentin-1,Q8WZ42.4,1.11E-97,F15G9.4d.1,9.24E-95,Dscam1-PX,7.04E-33,XP_030853395.1,1.27E-96
LOC105339683,caveolin-1,8,0.2584656306,43.7679763,1,0.2584656306,0.1999947827,1.33E-56,5.08E-51,caveolin-1,Q2QL79.1,1.77E-30,T13F2.8a.1,9.76E-19,CG17119-PC,2.4,XP_782608.1,2.50E-19
LOC105317322,doublecortin domain-containing protein 1,8,0.2556922892,4.160231805,0.7226027397,0.3538490448,0.1433104665,6.28E-41,2.40E-35,doublecortin domain-containing protein 1,M0R2J8.1,0,W07G1.5a.1,0.008,CG17528-PD,0.034,XP_030845543.1,0
LOC105328728,"dynein beta chain, ciliary",8,0.2547489868,4.884752625,0.8150684932,0.312549177,0.1970810666,8.53E-56,3.26E-50,"dynein beta chain, ciliary",P23098.1,0,F18C12.1.1,0,Dhc93AB-PB,0,XP_030839985.1,0
LOC105318111,TLC domain-containing protein 2,8,0.2530283019,4.370247054,0.6952054795,0.3639618924,0.1408604041,2.97E-40,1.14E-34,TLC domain-containing protein 2,A8WGS4.1,3.58E-38,F41H10.5.1,2.24E-14,,,XP_030848272.1,6.67E-27
LOC105330060,"alpha-(1,3)-fucosyltransferase 7",8,0.2516441175,5.044731197,0.6917808219,0.3637627838,0.1475805893,4.17E-42,1.59E-36,"alpha-(1,3)-fucosyltransferase 7",G3MZR2.2,3.98E-27,K12H6.3.1,5.03E-26,FucTC-PB,7.82E-26,XP_030849534.1,2.58E-27
LOC105331920,rootletin,8,0.2502201294,3.46003893,0.698630137,0.3581582244,0.1813331388,1.96E-51,7.50E-46,rootletin,Q5TZA2.1,0,ZC8.4d.1,2.84E-43,Root-PF,8.13E-128,XP_030842680.1,0
LOC105321704,uncharacterized LOC105321704,8,0.2487165026,4.164367803,0.6643835616,0.3743567977,0.1657045404,4.12E-47,1.58E-41,uncharacterized LOC105321704,O97817.1,0.26,ZK1225.1.1,5.97E-11,CG14764-PC,6.61E-25,XP_011681457.2,5.96E-16
LOC105318387,SPRY domain-containing SOCS box protein 3,9,0.6384490215,3.850389532,0.8893129771,0.7179126336,0.6587780555,2.14E-175,8.19E-170,SPRY domain-containing SOCS box protein 3,Q5M9B1.1,3.16E-32,Y46E12BL.4b.1,1.08E-17,SP555-PD,3.14E-88,XP_780661.1,2.40E-81
LOC105346085,tumor necrosis factor receptor superfamily member 16,9,0.6283145984,12.62431234,0.9809160305,0.6405386178,0.7406163472,7.08E-198,2.71E-192,tumor necrosis factor receptor superfamily member 16,Q9Z0W1.2,1.49E-36,B0350.2d.1,0.99,Ank-PE,0.007,XP_030830229.1,7.13E-47
LOC105339662,T-box transcription factor T,9,0.5896824133,9.481202562,0.9618320611,0.6130825091,0.6965679952,9.49E-186,3.63E-180,T-box transcription factor T,P24781.1,3.12E-155,F21H11.3.2,3.82E-61,byn-PC,1.24E-99,XP_030850405.1,2.84E-121
LOC109618378,uncharacterized LOC109618378,9,0.5512066553,3.420394894,0.7786259542,0.707922273,0.5242844453,6.46E-139,2.47E-133,uncharacterized LOC109618378,A7TRZ7.1,0.39,C52E12.1.1,0.11,CG6686-PB,9.2,XP_030836334.1,0.51
LOC105348737,"POU domain, class 4, transcription factor 3",9,0.5498982168,9.334926436,0.965648855,0.5694598135,0.6770237515,2.18E-180,8.32E-175,"POU domain, class 4, transcription factor 3",P24350.3,2.97E-102,C30A5.7a.1,2.30E-79,acj6-PH,2.02E-94,XP_786727.2,5.08E-98
LOC105327195,zinc finger protein 768,9,0.5443439889,2.393365991,0.7290076336,0.7466917545,0.5181704604,2.85E-137,1.09E-131,zinc finger protein 768,Q17895.2,7.21E-48,C10A4.8.1,6.35E-49,erm-PB,1.21E-42,XP_011673664.2,6.58E-89
LOC105323234,uncharacterized LOC105323234,9,0.5196880963,3.843035621,0.8282442748,0.6274575172,0.5129394209,7.26E-136,2.78E-130,uncharacterized LOC105323234,Q5CZR5.1,0.002,C31H1.6b.1,7.56E-48,TTLL1A-PA,5.3,XP_780655.3,2
LOC105325609,protein Tob1-like,9,0.5018142054,1.863868261,0.7099236641,0.7068565689,0.4777936945,1.94E-126,7.43E-121,protein Tob1-like,Q14106.2,3.52E-62,C03C11.2.1,1.06E-11,Tob-PC,4.62E-56,XP_793565.3,1.50E-55
LOC105336795,paired mesoderm homeobox protein 2,9,0.5003992055,34.6770159,0.9961832061,0.5023164438,0.7021938492,2.70E-187,1.03E-181,paired mesoderm homeobox protein 2,O97039.1,1.58E-25,F58E6.10a.1,3.00E-49,CG32532-PC,1.83E-69,XP_785238.2,1.47E-23
LOC105336113,zinc finger MYND domain-containing protein 19,9,0.4850213833,4.851911566,0.9465648855,0.5124016227,0.5952572226,4.28E-158,1.63E-152,zinc finger MYND domain-containing protein 19,Q7TSV3.1,2.96E-89,Y48G1A.3.1,0.005,nvy-PC,0.031,XP_030831016.1,0.000162
LOC117683687,zinc finger protein 768-like,9,0.4783842973,1.771641395,0.6603053435,0.7244895139,0.4399227849,2.54E-116,9.71E-111,zinc finger protein 768-like,Q17895.2,6.48E-48,C10A4.8.1,5.71E-49,erm-PB,8.67E-43,XP_011673664.2,4.63E-89
LOC105345800,protein CBFA2T1,9,0.456695569,2.413100945,0.7442748092,0.6136114825,0.444135033,1.91E-117,7.31E-112,protein CBFA2T1,Q61909.1,2.24E-156,R119.6.1,0.000275,nvy-PC,2.93E-46,XP_011670537.1,5.99E-165
LOC105335107,ELAV-like protein 1,9,0.4259769078,1.729023925,0.6526717557,0.6526663734,0.3855585678,7.11E-102,2.72E-96,ELAV-like protein 1,O09032.2,2.11E-145,F35H8.5.1,6.07E-83,Rbp9-PH,5.21E-140,XP_030852742.1,4.66E-123
LOC105347806,leucine-rich repeat-containing protein 15,9,0.4229818308,2.919626239,0.9083969466,0.4656354608,0.5042727979,1.55E-133,5.91E-128,leucine-rich repeat-containing protein 15,Q9BXB1.2,5.30E-40,T21D12.9a.2,3.22E-24,CG42346-PD,1.75E-26,XP_030845376.1,2.02E-37
LOC105335420,neurogenic differentiation factor 1,9,0.4186735587,22.84321787,0.9885496183,0.4235230593,0.5917122255,3.92E-157,1.50E-151,neurogenic differentiation factor 1,Q92886.2,7.92E-24,Y69A2AR.29.1,7.34E-19,tap-PA,5.71E-21,XP_003728087.2,5.60E-31
LOC105344257,cytosolic phospholipase A2,9,0.4131114066,1.74342196,0.6450381679,0.6404449025,0.3814859242,8.53E-101,3.26E-95,cytosolic phospholipase A2,P47712.2,0,K10F12.3a.1,0.011,Smurf-PB,1.6,XP_030833351.1,0.024
LOC105335106,uncharacterized LOC105335106,9,0.3998254751,10.71504321,0.9885496183,0.4044566582,0.6097637511,4.91E-162,1.88E-156,uncharacterized LOC105335106,Q9C0G0.2,2.81E-06,C18D1.1b.2,1.38E-08,CG18265-PC,7.92E-17,XP_030848972.1,0.000561
LOC105322888,histone-lysine N-methyltransferase MECOM,9,0.3931365862,2.316615499,0.7786259542,0.5049107137,0.4009320561,5.96E-106,2.28E-100,histone-lysine N-methyltransferase MECOM,P51521.2,1.19E-67,F34D10.5.1,1.08E-61,ovo-PA,6.35E-67,XP_003730387.2,8.04E-55
LOC117692386,uncharacterized LOC117692386,9,0.3920430416,1.999567893,0.7022900763,0.5582352005,0.3849915812,1.01E-101,3.84E-96,uncharacterized LOC117692386,Q58DA7.1,1.8,B0252.1.1,2.8,,,XP_030855215.1,0.37
LOC105336275,inverted formin-2,9,0.3776413495,12.28361828,0.9770992366,0.3864923187,0.4821630717,1.31E-127,5.02E-122,inverted formin-2,Q6NTV6.1,1.25E-78,F56E10.2a.2,1.15E-23,form3-PB,9.74E-70,XP_030837107.1,2.09E-99
LOC105326681,U1 small nuclear ribonucleoprotein A,9,0.3765118088,4.693386276,0.7557251908,0.4982125955,0.2981492518,7.96E-79,3.04E-73,U1 small nuclear ribonucleoprotein A,Q01617.4,1.24E-62,F46A9.6.3,1.06E-29,cpo-PY,2.21E-60,XP_030828402.1,3.12E-100
LOC105341544,one cut domain family member 2,9,0.3639511046,4.335050996,0.9236641221,0.3940297083,0.4142850386,1.69E-109,6.48E-104,one cut domain family member 2,O95948.2,1.47E-102,C17H12.9.1,1.50E-73,onecut-PB,1.02E-82,XP_030849030.1,2.32E-95
LOC105347441,uncharacterized LOC105347441,9,0.3530588892,4.14345787,0.7519083969,0.4695504009,0.3337389338,3.49E-88,1.33E-82,uncharacterized LOC105347441,Q54L75.1,1.5,ZK617.1d.3,5.5,CG12531-PB,4.5,XP_030834167.1,1.6
LOC105344349,uncharacterized LOC105344349,9,0.3474212847,0.8111412662,0.4732824427,0.7340675531,0.2984265971,6.74E-79,2.57E-73,uncharacterized LOC105344349,Q8THA9.1,0.16,Y106G6H.12c.1,1.1,CG3626-PA,7.3,XP_011663363.2,6.6
LOC105340130,serologically defined colon cancer antigen 8 homolog,9,0.3419650935,5.119158329,0.8702290076,0.3929598882,0.2964192713,2.27E-78,8.66E-73,serologically defined colon cancer antigen 8 homolog,Q86SQ7.1,1.04E-67,K08C7.3c.1,0.001,CG45105-PD,4.66E-19,XP_030854902.1,2.64E-85
LOC105333366,bone morphogenetic protein 2,10,0.5178281405,5.407854542,0.9555555556,0.5419131703,0.5813823392,2.52E-77,9.62E-72,bone morphogenetic protein 2,P49001.1,2.72E-110,T25F10.2.2,3.39E-42,dpp-PA,6.05E-67,XP_030854133.1,1.37E-104
LOC109617465,homeobox protein 4,10,0.4340535901,5.647608926,0.9888888889,0.4389305967,0.4565832752,6.51E-61,2.49E-55,homeobox protein 4,Q9BYU1.2,1.48E-08,F31E3.1.1,7.83E-08,exd-PE,6.84E-09,XP_030853236.1,1.02E-07
LOC105335420,neurogenic differentiation factor 1,10,0.4134277135,22.79573755,0.9777777778,0.4228237979,0.4711435344,8.01E-63,3.06E-57,neurogenic differentiation factor 1,Q92886.2,7.92E-24,Y69A2AR.29.1,7.34E-19,tap-PA,5.71E-21,XP_003728087.2,5.60E-31
LOC105343129,protein Wnt-4,10,0.3994847973,17.57597522,1,0.3994847973,0.5525796518,1.58E-73,6.03E-68,protein Wnt-4,P49337.1,5.90E-160,K10B4.6a.1,3.74E-112,Wnt2-PA,5.93E-77,XP_030842454.1,3.14E-161
LOC105347109,protocadherin-11 X-linked,10,0.3763171976,2.622048138,0.9222222222,0.4080547926,0.3669175888,3.49E-49,1.33E-43,protocadherin-11 X-linked,Q6KEQ9.1,1.14E-121,F15B9.7a.1,6.10E-68,ds-PB,6.99E-99,XP_787157.2,4.68E-100
LOC105321616,uncharacterized LOC105321616,10,0.3611332892,4.240077197,0.9888888889,0.3651909666,0.4618815054,1.31E-61,5.02E-56,uncharacterized LOC105321616,O15432.1,0.095,ZK112.7.1,2.2,Ctr1C-PA,0.000455,XP_003726206.2,0.64
LOC117682108,paired mesoderm homeobox protein 2-like,10,0.3525231967,0.9720209445,0.6222222222,0.5665551376,0.31874127,6.69E-43,2.56E-37,paired mesoderm homeobox protein 2-like,A2T777.1,4.21E-13,T13C5.4.1,2.74E-14,ey-PB,1.59E-11,XP_787382.1,6.91E-12
LOC105336795,paired mesoderm homeobox protein 2,10,0.3505059717,22.06643564,1,0.3505059717,0.4187186678,5.92E-56,2.26E-50,paired mesoderm homeobox protein 2,O97039.1,1.58E-25,F58E6.10a.1,3.00E-49,CG32532-PC,1.83E-69,XP_785238.2,1.47E-23
LOC105344562,DEP domain-containing protein 7,10,0.3499332941,9.22801574,1,0.3499332941,0.4503084771,4.32E-60,1.65E-54,DEP domain-containing protein 7,Q4QR86.1,3.51E-58,C56E6.3b.1,4.35E-08,CG10887-PA,7.4,XP_030844492.1,6.20E-52
LOC117688775,uncharacterized LOC117688775,10,0.3389862311,1.872128669,0.7222222222,0.4693655508,0.3240430434,1.36E-43,5.21E-38,uncharacterized LOC117688775,Q39GY8.1,1.8,F37C4.6a.2,0.78,Adgf-C-PA,2.2,XP_030849119.1,1.1
LOC105325787,delta-like protein 1,10,0.3064396542,3.102211104,0.9111111111,0.3363362058,0.2711805517,1.04E-36,3.96E-31,delta-like protein 1,O00548.2,0,F47C12.2.1,2.33E-61,Dl-PC,5.68E-174,XP_030834376.1,4.44E-147
LOC105340753,kelch-like protein 20,10,0.2909795111,2.53087532,0.8111111111,0.358741863,0.2558333135,1.03E-34,3.92E-29,kelch-like protein 20,Q6DFF6.1,0,R12E2.1.1,0,dbo-PB,0,XP_789626.2,0
LOC105329793,uncharacterized LOC105329793,10,0.2815107411,1.814597605,0.6888888889,0.4086446242,0.2068410984,2.37E-28,9.05E-23,uncharacterized LOC105329793,C6DFN3.1,0.11,C27F2.8.1,0.058,CG42360-PA,0.74,XP_783381.3,2
LOC105317762,paired mesoderm homeobox protein 2,10,0.279326034,0.7712172543,0.5,0.558652068,0.2428662906,4.96E-33,1.90E-27,paired mesoderm homeobox protein 2,A2T777.1,4.26E-13,T13C5.4.1,2.61E-14,CG9876-PA,1.67E-12,XP_787382.1,6.40E-12
LOC105339620,uncharacterized LOC105339620,10,0.2571578739,2.657493139,0.9,0.285730971,0.2197347948,5.01E-30,1.92E-24,uncharacterized LOC105339620,Q9Y2G4.3,1.82E-06,T01G1.3.3,0.78,dgo-PB,5.58E-06,XP_030851399.1,6.85E-13
LOC105321439,tubulin polymerization-promoting protein family member 3,10,0.2476795691,1.25277516,0.6666666667,0.3715193536,0.2141336183,2.68E-29,1.02E-23,tubulin polymerization-promoting protein family member 3,Q9CRB6.1,8.59E-29,C32E8.3.1,7.93E-16,ringer-PB,9.86E-20,XP_782492.2,1.96E-20
LOC105340727,transcription factor SOX-11,10,0.2475315547,6.482726699,0.9777777778,0.2531572718,0.2184071694,7.46E-30,2.85E-24,transcription factor SOX-11,Q06831.2,1.15E-41,C32E12.5.2,1.19E-39,Sox14-PC,3.65E-41,XP_798084.1,2.26E-69
LOC105343634,uncharacterized LOC105343634,10,0.2402573549,0.6811349148,0.4555555556,0.5273941938,0.202843026,7.82E-28,2.99E-22,uncharacterized LOC105343634,Q6CFE7.1,1.9,Y32H12A.2b.2,6.9,CG45105-PG,0.2,XP_030835066.1,1.1
LOC105343635,cell wall protein PRY3,10,0.2390952877,2.757208846,0.8777777778,0.2723870367,0.1520426448,3.06E-21,1.17E-15,cell wall protein PRY3,,,ZC123.3f.1,5.8,,,XP_030828078.1,1.6
LOC105324288,uncharacterized LOC105324288,10,0.2389247887,5.746661946,0.9111111111,0.2622345242,0.1474240787,1.22E-20,4.65E-15,uncharacterized LOC105324288,P47928.1,0.001,VC5.3a.1,0.042,amos-PA,0.15,XP_780755.2,0.004
LOC117688849,uncharacterized LOC117688849,10,0.2387371837,4.749142279,0.9444444444,0.2527805474,0.1809859663,5.37E-25,2.05E-19,uncharacterized LOC117688849,Q8NB66.3,0.000111,C53B4.2.1,7,lost-PA,1.7,XP_030855414.1,1.17E-06
LOC105321449,metalloprotease mig-17-like,10,0.2344075485,2.444264805,0.9111111111,0.2572765776,0.1930975476,1.44E-26,5.50E-21,metalloprotease mig-17-like,Q20930.3,1.57E-31,F57B7.4.1,1.38E-32,stl-PE,6.39E-16,XP_011676907.2,4.09E-16
LOC105348737,"POU domain, class 4, transcription factor 3",10,0.2311167204,4.064415361,0.7888888889,0.2929648568,0.2077531206,1.80E-28,6.89E-23,"POU domain, class 4, transcription factor 3",P24350.3,2.97E-102,C30A5.7a.1,2.30E-79,acj6-PH,2.02E-94,XP_786727.2,5.08E-98
LOC105329617,uncharacterized LOC105329617,10,0.2280572042,18.23708682,1,0.2280572042,0.2366245919,3.21E-32,1.23E-26,uncharacterized LOC105329617,B2RQL2.1,2.40E-22,F53B2.6.1,0.22,ko-PB,1.72E-11,XP_030835097.1,7.02E-19
LOC105337235,G-protein-signaling modulator 2,10,0.2234676447,4.721396984,0.9888888889,0.2259785171,0.1950795351,7.96E-27,3.04E-21,G-protein-signaling modulator 2,P81274.3,0,F32A6.4a.2,2.02E-91,pins-PA,0,XP_030852865.1,0